Link Name,Center of Mass X,Center of Mass Y,Center of Mass Z,Center of Mass Roll,Center of Mass Pitch,Center of Mass Yaw,Mass,Moment Ixx,Moment Ixy,Moment Ixz,Moment Iyy,Moment Iyz,Moment Izz,Visual X,Visual Y,Visual Z,Visual Roll,Visual Pitch,Visual Yaw,Mesh Filename,Color Red,Color Green,Color Blue,Color Alpha,Collision X,Collision Y,Collision Z,Collision Roll,Collision Pitch,Collision Yaw,Collision Mesh Filename,Material Name,SW Components,Coordinate System,Axis Name,Joint Name,Joint Type,Joint Origin X,Joint Origin Y,Joint Origin Z,Joint Origin Roll,Joint Origin Pitch,Joint Origin Yaw,Parent,Joint Axis X,Joint Axis Y,Joint Axis Z,Limit Effort,Limit Velocity,Limit Lower,Limit Upper,Calibration rising,Calibration falling,Dynamics Damping,Dynamics Friction,Safety Soft Upper,Safety Soft Lower,Safety K Position,Safety K Velocity
base_footprint,0.37605,0.49174,0.51412,0,0,0,9.4248E-05,7.0921E-09,1.0074E-56,-2.732E-42,7.0921E-09,2.549E-23,4.7124E-11,0,0,0,0,0,0,package://amr_bot/meshes/base_footprint.STL,0.79216,0.81961,0.93333,1,0,0,0,0,0,0,package://amr_bot/meshes/base_footprint.STL,,base foot print-1,Origin_global,,,,0,0,0,0,0,0,,0,0,0,,,,,,,,,,,,
base_link,-0.050771,0.0017522,0.25697,0,0,0,150,1.4246,-9.8747E-06,-0.032685,1.9347,2.6064E-06,3.0189,0,0,0,0,0,0,package://amr_bot/meshes/base_link.STL,0.79216,0.81961,0.93333,1,0,0,0,0,0,0,package://amr_bot/meshes/base_link.STL,,outer case.stp-1;structure.stp-1;caster wheel.stp-3;caster wheel.stp-1;caster wheel.stp-4;caster wheel.stp-2;142LDA_AGV_WH_ASM motor.stp-2/142LDA_AGV__ASM_644_1_ASM.stp-1/SK8323-002-01_AF0_853_1.stp-1;142LDA_AGV_WH_ASM motor.stp-2/142LDA_AGV__ASM_644_1_ASM.stp-1/IM1223SA08_AF0_ASM_365_1_ASM.stp-1/IM0680MC_AF0_1056_1.stp-1;142LDA_AGV_WH_ASM motor.stp-2/142LDA_AGV__ASM_644_1_ASM.stp-1/IM01648SA_AF0_ASM_341_1_ASM.stp-1/IM0678MC_AF0_748_1.stp-1;142LDA_AGV_WH_ASM motor.stp-2/142LDA_AGV__ASM_644_1_ASM.stp-1/GEARBOX_INTEGRATED_142_SOLID__2_ASM.stp-1/GEARBOX_INPUT_HOLDER_142_WHEE_1_ASM.stp-1/GEARBOX_INPUT_HOLDER_142_AF0__1.stp-1;142LDA_AGV_WH_ASM motor.stp-2/142LDA_AGV__ASM_644_1_ASM.stp-1/GEARBOX_INTEGRATED_142_SOLID__2_ASM.stp-1/GEARBOX_INPUT_HOLDER_142_WHEE_1_ASM.stp-1/VRL-120_12_1.stp-1;142LDA_AGV_WH_ASM motor.stp-2/142LDA_AGV__ASM_644_1_ASM.stp-1/IM1224SA21_ASM_170_1_ASM.stp-1/IM0116CA_382_1.stp-1;142LDA_AGV_WH_ASM motor.stp-1/142LDA_AGV__ASM_644_1_ASM.stp-1/IM1223SA08_AF0_ASM_365_1_ASM.stp-1/IM0680MC_AF0_1056_1.stp-1;142LDA_AGV_WH_ASM motor.stp-1/142LDA_AGV__ASM_644_1_ASM.stp-1/SK8323-002-01_AF0_853_1.stp-1;142LDA_AGV_WH_ASM motor.stp-1/142LDA_AGV__ASM_644_1_ASM.stp-1/IM1224SA21_ASM_170_1_ASM.stp-1/IM0116CA_382_1.stp-1;142LDA_AGV_WH_ASM motor.stp-1/142LDA_AGV__ASM_644_1_ASM.stp-1/GEARBOX_INTEGRATED_142_SOLID__2_ASM.stp-1/GEARBOX_INPUT_HOLDER_142_WHEE_1_ASM.stp-1/VRL-120_12_1.stp-1;142LDA_AGV_WH_ASM motor.stp-1/142LDA_AGV__ASM_644_1_ASM.stp-1/GEARBOX_INTEGRATED_142_SOLID__2_ASM.stp-1/GEARBOX_INPUT_HOLDER_142_WHEE_1_ASM.stp-1/GEARBOX_INPUT_HOLDER_142_AF0__1.stp-1;142LDA_AGV_WH_ASM motor.stp-1/142LDA_AGV__ASM_644_1_ASM.stp-1/IM01648SA_AF0_ASM_341_1_ASM.stp-1/IM0678MC_AF0_748_1.stp-1;towing frame.stp-1;hook setup.stp-1/BASE SHAFT.1.stp-1;hook setup.stp-1/BASE SHAFT.stp-1;hook setup.stp-1/link 1.stp-1;hook setup.stp-1/link 1.stp-2;hook setup.stp-1/LINK 3.stp-1;hook setup.stp-1/BASE SUPPORT LINK.stp-1;hook setup.stp-1/LOCK BLOCK.stp-1;hook setup.stp-1/SMALL LINK 1.stp-1;hook setup.stp-1/LOCK SUPPORT LIN.stp-1;hook setup.stp-1/LINK BAR1.stp-1;hook setup.stp-1/SMALL LINK 2.stp-1;hook setup.stp-1/Part19.stp-1,bl,Axis_base_joint,base_joint,fixed,0.40456,-0.53802,0.48728,1.5708,0,0,base_footprint,0,0,0,,,,,,,,,,,,
l_wheel_link,-1.5761E-08,-0.029667,-1.6217E-08,0,0,0,1.2164,0.0044416,4.9269E-11,-4.3509E-07,0.0082257,7.37E-11,0.0044446,0,0,0,0,0,0,package://amr_bot/meshes/l_wheel_link.STL,0.79216,0.81961,0.93333,1,0,0,0,0,0,0,package://amr_bot/meshes/l_wheel_link.STL,,142LDA_AGV_WH_ASM_AllCATPart wheel.stp-2,Coordinate System3lw,Axis1,l_wheel_joint,continuous,-0.03061,0.34088,0.06,0,0,0,base_link,0,-1,0,,,,,,,,,,,,
r_wheel_link,-1.5453E-08,0.029667,1.6511E-08,0,0,0,1.2164,0.0044416,-4.7872E-11,4.9256E-07,0.0082257,7.4615E-11,0.0044446,0,0,0,0,0,0,package://amr_bot/meshes/r_wheel_link.STL,0.79216,0.81961,0.93333,1,0,0,0,0,0,0,package://amr_bot/meshes/r_wheel_link.STL,,142LDA_AGV_WH_ASM_AllCATPart wheel.stp-1,Coordinate System4rw,Axis2,r_wheel_joint,continuous,-0.03061,-0.34086,0.06,0,0,0,base_link,0,1,0,,,,,,,,,,,,
laser_link,-7.8753E-05,4.4713E-05,-0.045208,0,0,0,0.5925,0.00070857,-1.3149E-06,1.5954E-06,0.00070664,3.8009E-07,0.00080931,0,0,0,0,0,0,package://amr_bot/meshes/laser_link.STL,0.79216,0.81961,0.93333,1,0,0,0,0,0,0,package://amr_bot/meshes/laser_link.STL,,NANS3-#########.stp-1/NANS3-XXXXXXXXX.stp-1,Coordinate System5li,,laser_joint,fixed,0.40693,-0.00011921,0.23489,0,0,0,base_link,0,0,0,,,,,,,,,,,,
camera_link,-0.013293,-0.0014081,2.3419E-05,0,0,0,0.036474,2.3405E-05,-2.1067E-07,-1.0144E-08,3.5064E-06,1.6649E-09,2.3613E-05,0,0,0,0,0,0,package://amr_bot/meshes/camera_link.STL,0.70196,0.70196,0.70196,1,0,0,0,0,0,0,package://amr_bot/meshes/camera_link.STL,,Intel Realsense D435.step-1,Coordinate System6cam,Axis_camera_joint,camera_joint,fixed,0.46939,-0.00028866,0.27549,0,0,0,base_link,0,0,0,,,,,,,,,,,,
imu,-0.00011027,-0.00033758,-0.0047293,0,0,0,0.022761,6.449E-06,2.5391E-09,2.4684E-09,6.4691E-06,-5.981E-10,1.2787E-05,0,0,0,0,0,0,package://amr_bot/meshes/imu.STL,0.79216,0.81961,0.93333,1,0,0,0,0,0,0,package://amr_bot/meshes/imu.STL,,sparkfun9dofimu00.stp-1,Coordinate System7imu,Axis_imu_joint,imu_joint,fixed,-0.020559,-0.0073322,0.016032,0,0,0,base_link,0,0,0,,,,,,,,,,,,
sickcam_link,0.033916,-0.00010743,2.0961E-13,0,0,0,0.38171,0.0003602,-1.7782E-07,-1.1037E-14,0.00030406,-4.2545E-12,0.00035182,0,0,0,0,0,0,package://amr_bot/meshes/sickcam_link.STL,0.79216,0.81961,0.93333,1,0,0,0,0,0,0,package://amr_bot/meshes/sickcam_link.STL,,sick visionary.stp-1,Coordinate System8sick,,sickcam_joint,fixed,-0.77559,0.0013357,0.60934,0,0,0,base_link,0,0,0,,,,,,,,,,,,
