Link Name,Center of Mass X,Center of Mass Y,Center of Mass Z,Center of Mass Roll,Center of Mass Pitch,Center of Mass Yaw,Mass,Moment Ixx,Moment Ixy,Moment Ixz,Moment Iyy,Moment Iyz,Moment Izz,Visual X,Visual Y,Visual Z,Visual Roll,Visual Pitch,Visual Yaw,Mesh Filename,Color Red,Color Green,Color Blue,Color Alpha,Collision X,Collision Y,Collision Z,Collision Roll,Collision Pitch,Collision Yaw,Collision Mesh Filename,Material Name,SW Components,Coordinate System,Axis Name,Joint Name,Joint Type,Joint Origin X,Joint Origin Y,Joint Origin Z,Joint Origin Roll,Joint Origin Pitch,Joint Origin Yaw,Parent,Joint Axis X,Joint Axis Y,Joint Axis Z,Limit Effort,Limit Velocity,Limit Lower,Limit Upper,Calibration rising,Calibration falling,Dynamics Damping,Dynamics Friction,Safety Soft Upper,Safety Soft Lower,Safety K Position,Safety K Velocity
base_footprint,5.55111512312578E-17,-1.94289029309402E-16,0.015,0,0,0,9.42477796076937E-05,7.09214541547894E-09,9.26645868719011E-57,-2.73196242009684E-42,7.09214541547894E-09,2.45081164115382E-23,4.71238898038469E-11,0,0,0,0,0,0,package://amrfork_bot/meshes/base_footprint.STL,0.792156862745098,0.819607843137255,0.933333333333333,1,0,0,0,0,0,0,package://amrfork_bot/meshes/base_footprint.STL,,base foot print-2,Coordinate System1bfp,,,,0,0,0,0,0,0,,0,0,0,,,,,,,,,,,,
base_link,8.54710788587565E-05,5.44586829391569E-06,-0.0629452094099228,0,0,0,2.56387741053921,0.00959921063106338,-8.86538720586276E-05,3.59737809801913E-07,0.0109874952638558,1.88720892208819E-07,0.00787858225376016,0,0,0,0,0,0,package://amrfork_bot/meshes/base_link.STL,0.792156862745098,0.819607843137255,0.933333333333333,1,0,0,0,0,0,0,package://amrfork_bot/meshes/base_link.STL,,motor mount.stp-1;motor 1000-2/AGV089A01&03.stp-1/089UDA_HSG_0.stp-1;motor 1000-2/AGV089A01&03.stp-1/089_REF_3_ASM.stp-1/IM0449MC_AF0.stp-1;motor 1000-2/AGV089A01&03.stp-1/GEARBOX_INTEGRATED_089_SOLID_ASM.stp-1/GEARBOX_INPUT_HOLDER_089_SOLID_ASM.stp-1/GEARBOX_INPUT_HOLDER_089.stp-1;motor 1000-2/AGV089A01&03.stp-1/089_FEF_100_GBOX_ASM.stp-1/FEF_100PCD_GBOX_AF0_ASM.stp-1/FEF_89_100PCD_GBOX_AF1.stp-1;motor 1000-2/AGV089A01&03.stp-1/GEARBOX_INTEGRATED_089_SOLID_ASM.stp-1/GEARBOX_INPUT_HOLDER_089_SOLID_ASM.stp-1/VRLZ-90-9-255_SOLID.stp-1;motor 1000-1/AGV089A01&03.stp-1/089_REF_3_ASM.stp-1/IM0449MC_AF0.stp-1;motor 1000-1/AGV089A01&03.stp-1/089UDA_HSG_0.stp-1;motor 1000-1/AGV089A01&03.stp-1/089_FEF_100_GBOX_ASM.stp-1/FEF_100PCD_GBOX_AF0_ASM.stp-1/FEF_89_100PCD_GBOX_AF1.stp-1;motor 1000-1/AGV089A01&03.stp-1/GEARBOX_INTEGRATED_089_SOLID_ASM.stp-1/GEARBOX_INPUT_HOLDER_089_SOLID_ASM.stp-1/GEARBOX_INPUT_HOLDER_089.stp-1;motor 1000-1/AGV089A01&03.stp-1/GEARBOX_INTEGRATED_089_SOLID_ASM.stp-1/GEARBOX_INPUT_HOLDER_089_SOLID_ASM.stp-1/VRLZ-90-9-255_SOLID.stp-1;motor 1000-2/AGV089A01&03.stp-1/089_REF_3_ASM.stp-1/COVER_84_RES_PLAIN_AF1_ASM.stp-1/IM0133CA03_AF1.stp-1;motor 1000-1/AGV089A01&03.stp-1/089_REF_3_ASM.stp-1/COVER_84_RES_PLAIN_AF1_ASM.stp-1/IM0133CA03_AF1.stp-1,Coordinate System2bl,Axis_base_joint2,base_joint,fixed,0,0,0.1822,0,0,0,base_footprint,0,0,0,,,,,,,,,,,,
l_wheel_link,0.00121138961408301,-0.0190114448478513,0,0,0,0,0.334481393861504,0.00081613749520139,-4.65857649565381E-05,-3.13294657004459E-20,0.00154428210356818,-9.9261673506363E-21,0.000813169098412819,0,0,0,0,0,0,package://amrfork_bot/meshes/l_wheel_link.STL,0.792156862745098,0.819607843137255,0.933333333333333,1,0,0,0,0,0,0,package://amrfork_bot/meshes/l_wheel_link.STL,,wheel1000-1/AGV089A01&03.stp-1/GEARBOX_INTEGRATED_089_SOLID_ASM.stp-1/GEARBOX_INPUT_HOLDER_089_SOLID_ASM.stp-1/WHEEL_AGV_CTD_TATA_ASM.stp-1/SK8325-007.stp-1,Coordinate System11,Axis2,l_wheel_joint,continuous,-0.014918,0.23413,-0.104,0,0,0,base_link,-0.06359,0.99798,0,,,,,,,,,,,,
r_wheel_link,-0.00121138961408301,0.0190114448478513,0,0,0,0,0.334481393861505,0.000816137495201389,-4.65857649565382E-05,-1.13633936649472E-19,0.00154428210356818,-1.14150924532318E-19,0.000813169098412819,0,0,0,0,0,0,package://amrfork_bot/meshes/r_wheel_link.STL,0.792156862745098,0.819607843137255,0.933333333333333,1,0,0,0,0,0,0,package://amrfork_bot/meshes/r_wheel_link.STL,,wheel1000-2/AGV089A01&03.stp-1/GEARBOX_INTEGRATED_089_SOLID_ASM.stp-1/GEARBOX_INPUT_HOLDER_089_SOLID_ASM.stp-1/WHEEL_AGV_CTD_TATA_ASM.stp-1/SK8325-007.stp-1,Coordinate System12,Axis3,r_wheel_joint,continuous,0.014918,-0.23413,-0.104,0,0,0,base_link,0.06359,-0.99798,0,,,,,,,,,,,,
l_laser_link,0,1.66533453693773E-16,-0.0395,0,0,0,0.397097311413751,0.000365362617943269,2.07994079917453E-51,-1.21245706409418E-36,0.000365362617943269,1.53831787512682E-19,0.000317677849131001,0,0,0,0,0,0,package://amrfork_bot/meshes/l_laser_link.STL,0.792156862745098,0.819607843137255,0.933333333333333,1,0,0,0,0,0,0,package://amrfork_bot/meshes/l_laser_link.STL,,lidar-3,Coordinate System5ll,Axis_l_laser_joint2,l_laser_joint,fixed,0.255,0.36832,-0.0712,0,0,0,base_link,0,0,0,,,,,,,,,,,,
r_laser_link,0,1.66533453693773E-16,-0.0395,0,0,0,0.397097311413751,0.000365362617943269,2.07994079917453E-51,-1.21245706409418E-36,0.000365362617943269,1.53831787512682E-19,0.000317677849131001,0,0,0,0,0,0,package://amrfork_bot/meshes/r_laser_link.STL,0.792156862745098,0.819607843137255,0.933333333333333,1,0,0,0,0,0,0,package://amrfork_bot/meshes/r_laser_link.STL,,lidar-1,Coordinate System6rl,Axis_r_laser_joint2,r_laser_joint,fixed,0.255,-0.36832,-0.0712,0,0,0,base_link,0,0,0,,,,,,,,,,,,
fork_link,-0.431635406736072,0.000157335515328441,-0.072112367907152,0,0,0,28.6327892147863,2.04520470106071,0.000319747566622948,-0.741521428810862,3.99217137484677,0.000116052990571105,4.57179790780003,0,0,0,0,0,0,package://amrfork_bot/meshes/fork_link.STL,0.792156862745098,0.819607843137255,0.933333333333333,1,0,0,0,0,0,0,package://amrfork_bot/meshes/fork_link.STL,,fork frame.stp-1;front structure.stp-1;roller.stp-1;roller.stp-2,Coordinate System10,Axis1,fork_joint,continuous,0,0,0.1128,0,0,0,base_link,0,0,1,0,0.1,0,0,,,,,,,,
