Link Name,Center of Mass X,Center of Mass Y,Center of Mass Z,Center of Mass Roll,Center of Mass Pitch,Center of Mass Yaw,Mass,Moment Ixx,Moment Ixy,Moment Ixz,Moment Iyy,Moment Iyz,Moment Izz,Visual X,Visual Y,Visual Z,Visual Roll,Visual Pitch,Visual Yaw,Mesh Filename,Color Red,Color Green,Color Blue,Color Alpha,Collision X,Collision Y,Collision Z,Collision Roll,Collision Pitch,Collision Yaw,Collision Mesh Filename,Material Name,SW Components,Coordinate System,Axis Name,Joint Name,Joint Type,Joint Origin X,Joint Origin Y,Joint Origin Z,Joint Origin Roll,Joint Origin Pitch,Joint Origin Yaw,Parent,Joint Axis X,Joint Axis Y,Joint Axis Z,Limit Effort,Limit Velocity,Limit Lower,Limit Upper,Calibration rising,Calibration falling,Dynamics Damping,Dynamics Friction,Safety Soft Upper,Safety Soft Lower,Safety K Position,Safety K Velocity
base_footprint,-2.77555756156289E-17,-4.85722573273506E-17,0.015,0,0,0,9.42477796076937E-05,7.09214541547894E-09,9.26645868719011E-57,-2.73196242009684E-42,7.09214541547894E-09,2.45339658056805E-23,4.71238898038469E-11,0,0,0,0,0,0,package://pallet_bot/meshes/base_footprint.STL,0.792156862745098,0.819607843137255,0.933333333333333,1,0,0,0,0,0,0,package://pallet_bot/meshes/base_footprint.STL,,base foot print-2,Coordinate System1bfp,,,,0,0,0,0,0,0,,0,0,0,,,,,,,,,,,,
base_link,-2.0153E-05,2.0331E-07,-0.081114,0,0,0,20,0.015178,5.0686E-05,4.7124E-06,0.020004,-3.1114E-05,0.013371,0,0,0,0,0,0,package://pallet_bot/meshes/base_link.STL,0.79216,0.81961,0.93333,1,0,0,0,0,0,0,package://pallet_bot/meshes/base_link.STL,,motor mount.stp-1;142LDA_AGV_WH_ASM motor.stp-1/142LDA_AGV__ASM_644_1_ASM.stp-1/GEARBOX_INTEGRATED_142_SOLID__2_ASM.stp-1/GEARBOX_INPUT_HOLDER_142_WHEE_1_ASM.stp-1/GEARBOX_INPUT_HOLDER_142_AF0__1.stp-1;142LDA_AGV_WH_ASM motor.stp-2/142LDA_AGV__ASM_644_1_ASM.stp-1/GEARBOX_INTEGRATED_142_SOLID__2_ASM.stp-1/GEARBOX_INPUT_HOLDER_142_WHEE_1_ASM.stp-1/GEARBOX_INPUT_HOLDER_142_AF0__1.stp-1;142LDA_AGV_WH_ASM motor.stp-2/142LDA_AGV__ASM_644_1_ASM.stp-1/IM01648SA_AF0_ASM_341_1_ASM.stp-1/IM0678MC_AF0_748_1.stp-1;142LDA_AGV_WH_ASM motor.stp-2/142LDA_AGV__ASM_644_1_ASM.stp-1/SK8323-002-01_AF0_853_1.stp-1;142LDA_AGV_WH_ASM motor.stp-1/142LDA_AGV__ASM_644_1_ASM.stp-1/SK8323-002-01_AF0_853_1.stp-1;142LDA_AGV_WH_ASM motor.stp-1/142LDA_AGV__ASM_644_1_ASM.stp-1/IM1223SA08_AF0_ASM_365_1_ASM.stp-1/IM0680MC_AF0_1056_1.stp-1;142LDA_AGV_WH_ASM motor.stp-2/142LDA_AGV__ASM_644_1_ASM.stp-1/IM1223SA08_AF0_ASM_365_1_ASM.stp-1/IM0680MC_AF0_1056_1.stp-1;142LDA_AGV_WH_ASM motor.stp-1/142LDA_AGV__ASM_644_1_ASM.stp-1/IM01648SA_AF0_ASM_341_1_ASM.stp-1/IM0678MC_AF0_748_1.stp-1;142LDA_AGV_WH_ASM motor.stp-1/142LDA_AGV__ASM_644_1_ASM.stp-1/GEARBOX_INTEGRATED_142_SOLID__2_ASM.stp-1/GEARBOX_INPUT_HOLDER_142_WHEE_1_ASM.stp-1/VRL-120_12_1.stp-1;142LDA_AGV_WH_ASM motor.stp-2/142LDA_AGV__ASM_644_1_ASM.stp-1/GEARBOX_INTEGRATED_142_SOLID__2_ASM.stp-1/GEARBOX_INPUT_HOLDER_142_WHEE_1_ASM.stp-1/VRL-120_12_1.stp-1,Coordinate System2bl,Axis_base_joint2,base_joint,fixed,0,0,0.204,0,0,0,base_footprint,0,0,0,,,,,,,,,,,,
l_wheel_link,5.4872E-09,-0.00030104,-0.029665,0,0,0,1.2164,0.004444,1.3003E-06,-1.3225E-08,0.0044426,3.8389E-05,0.0082254,0,0,0,0,0,0,package://pallet_bot/meshes/l_wheel_link.STL,0.79216,0.81961,0.93333,1,0,0,0,0,0,0,package://pallet_bot/meshes/l_wheel_link.STL,,142LDA_AGV_WH_ASM_AllCATPart wheel.stp-2,Coordinate Systemllw,Axis2,l_wheel_joint,continuous,0.00279037445358102,0.274985842927247,-0.104,1.5707963267949,-1.5707963267949,0,base_link,0,0.0101468161948486,0.999948519735445,,,,,,,,,,,,
r_wheel_link,1.6511E-08,-0.00030101,-0.029665,0,0,0,1.2164,0.0044446,-4.9253E-07,4.9233E-09,0.004442,3.8395E-05,0.0082254,0,0,0,0,0,0,package://pallet_bot/meshes/r_wheel_link.STL,0.79216,0.81961,0.93333,1,0,0,0,0,0,0,package://pallet_bot/meshes/r_wheel_link.STL,,142LDA_AGV_WH_ASM_AllCATPart wheel.stp-1,Coordinate Systemrrw,Axis3,r_wheel_joint,continuous,-0.0027903744535811,-0.274985842927247,-0.104,1.57079632679489,-1.5707963267949,0,base_link,0,0.010146816194848,0.999948519735445,,,,,,,,,,,,
l_laser_link,0,1.6653E-16,-0.0395,0,0,0,0.3971,0.00036536,2.0799E-51,-1.2125E-36,0.00036536,1.5383E-19,0.00031768,0,0,0,0,0,0,package://pallet_bot/meshes/l_laser_link.STL,0.79216,0.81961,0.93333,1,0,0,0,0,0,0,package://pallet_bot/meshes/l_laser_link.STL,,lidar-3,Coordinate System5ll,Axis_l_laser_joint2,l_laser_joint,fixed,0.255,0.368323028564001,-0.0929999999999988,0,0,0,base_link,0,0,0,,,,,,,,,,,,
r_laser_link,0,1.6653E-16,-0.0395,0,0,0,0.3971,0.00036536,2.0799E-51,-1.2125E-36,0.00036536,1.5383E-19,0.00031768,0,0,0,0,0,0,package://pallet_bot/meshes/r_laser_link.STL,0.79216,0.81961,0.93333,1,0,0,0,0,0,0,package://pallet_bot/meshes/r_laser_link.STL,,lidar-1,Coordinate System6rl,Axis_r_laser_joint2,r_laser_joint,fixed,0.255000000000001,-0.368323028563999,-0.0930000000000014,0,0,0,base_link,0,0,0,,,,,,,,,,,,
fork_link,0.35746,0.00015734,0.13709,0,0,0,100,2.0452,0.00031975,-0.74152,3.9922,0.00011605,4.5718,0,0,0,0,0,0,package://pallet_bot/meshes/fork_link.STL,0.79216,0.81961,0.93333,1,0,0,0,0,0,0,package://pallet_bot/meshes/fork_link.STL,,fork frame.stp-1;front structure.stp-1;roller.stp-1;roller.stp-2,Coordinate System7fl,Axis1,fork_joint,revolute,-0.78909,0,-0.1182,0,0,0,base_link,0,0,1,150,0.1,4.7,1.5,,,,,,,,
